"* path","* content","* id","* title","* title_breadcrumb","* title_h1","* title_label","* title_full","* logical_path","* list_flg","* layout","* orderby","* keywords","* description","* category_top_flg","* role","* proc_type","* **delete_flg"
"/index.html",,,"ホーム",,,,,,"1","top",,,,,,,
"/px2style_basics/",,,"標準モジュール",,,,,,"1",,,,,,,,
"/px2style/",,,"px2style",,,,,,"1",,,,,,,,
"/px2style_basics/basics/",,,"基本モジュール",,,,,"/px2style_basics/","1",,,,,,,,
"/px2style_basics/headings/",,,"見出し",,,,,"/px2style_basics/","1",,,,,,,,
"/px2style_basics/links_and_buttons/",,,"リンクとボタン",,,,,"/px2style_basics/","1",,,,,,,,
"/px2style_basics/lists/",,,"リスト",,,,,"/px2style_basics/","1",,,,,,,,
"/px2style_basics/tables/",,,"テーブル",,,,,"/px2style_basics/","1",,,,,,,,
"/px2style_basics/notice/",,,"お知らせ",,,,,"/px2style_basics/","1",,,,,,,,
"/px2style_basics/medias/",,,"メディア",,,,,"/px2style_basics/","1",,,,,,,,
"/px2style_basics/grids/",,,"グリッド",,,,,"/px2style_basics/","1",,,,,,,,
"/px2style_basics/interactives/",,,"インタラクティブ",,,,,"/px2style_basics/","1",,,,,,,,
"/px2style_basics/utils/",,,"ユーティリティ",,,,,"/px2style_basics/","1",,,,,,,,
"/children/1.html",,,"子階層1",,,,,"/px2style_basics/>/px2style_basics/lists/","1",,,,"下層ページリンクリストのためのサンプルページです。",,,,
"/children/children/1.html",,,"孫階層1",,,,,"/px2style_basics/>/px2style_basics/lists/>/children/1.html","1",,,,"下層ページリンクリストのためのサンプルページです。",,,,
"/children/children/2.html",,,"孫階層2",,,,,"/px2style_basics/>/px2style_basics/lists/>/children/1.html",,,,,"下層ページリンクリストのためのサンプルページです。",,,,
"/children/2.html",,,"子階層2",,,,,"/px2style_basics/>/px2style_basics/lists/","1",,,,"下層ページリンクリストのためのサンプルページです。",,,,
"/children/3.html",,,"子階層3",,,,,"/px2style_basics/>/px2style_basics/lists/",,,,,"下層ページリンクリストのためのサンプルページです。",,,,
"/children/4.html",,,"子階層4",,,,,"/px2style_basics/>/px2style_basics/lists/","1",,,,"下層ページリンクリストのためのサンプルページです。",,,,
